title,url,duration,views,likes,comments,er
From Zero to Your First AI Agent in 25 Minutes (No Coding),https://www.youtube.com/watch?v=EH5jx5qPabU,1558,3608584,94070,2088,0.2756
Tragic mistake... Anthropic leaks Claude’s source code,https://www.youtube.com/watch?v=mBHRPeg8zPU,442,3186778,99380,4957,0.1286
"Build & Sell n8n AI Agents (8+ Hour Course, No Code)",https://www.youtube.com/watch?v=Ey18PDiaAYI,30399,1657454,54833,1539,0.1241
CLAUDE CODE FULL COURSE 4 HOURS: Build & Sell (2026),https://www.youtube.com/watch?v=QoQBzR1NIqI,15043,1567762,48572,1558,0.4197
These ChatGPT Hacks Will Make You SO Productive It Feels Illegal,https://www.youtube.com/watch?v=Mxy6MVbpNhg,1721,1339517,44612,1256,0.0425
15 AI Tools That Will Make You $1M (With Zero Employees),https://www.youtube.com/watch?v=x-4R38Wdp_o,1636,1331529,43367,2386,0.0287
10 open source tools that feel illegal...,https://www.youtube.com/watch?v=Ukt2gVz25PQ,604,1195378,63561,1691,0.0301
Become a Fullstack Developer from Scratch – Full Beginner’s Tutorial,https://www.youtube.com/watch?v=LzMnsfqjzkA,170961,1151702,39597,1959,0.0067
n8n will change your life as a developer...,https://www.youtube.com/watch?v=bS9R6aCVEzw,356,1150350,55334,2158,0.0186
"7 AI Terms You Need to Know: Agents, RAG, ASI & More",https://www.youtube.com/watch?v=VSFuqMh4hus,664,1108275,25333,719,0.0419
OpenAI’s new browser feels familiar…,https://www.youtube.com/watch?v=5uSboan45Zg,256,1100659,33090,1737,0.0188
Claude Mythos is too dangerous for public consumption...,https://www.youtube.com/watch?v=d3Qq-rkp_to,337,1057639,35701,2238,0.0775
Anthropic just released the real Claude Bot...,https://www.youtube.com/watch?v=wfeiCZK0mNs,300,1054038,32116,1084,0.0393
Cursor 2.0 is here... 5 things you didn't know it can do,https://www.youtube.com/watch?v=HIp8sFB2GGw,276,1052967,30483,1205,0.0183
AWS just released its Cursor killer…,https://www.youtube.com/watch?v=gA6r7iVzP6M,247,1050444,32089,1300,0.0146
OpenAI just made your entire tech stack obsolete...,https://www.youtube.com/watch?v=91aH8jsG4cc,258,1044525,31743,1794,0.0172
DevOps from Zero to Hero: Build and Deploy a Production API,https://www.youtube.com/watch?v=H5FAxTBuNM8,18007,1016638,18757,932,0.0531
Model Context Protocol (MCP) Explained for Beginners: AI Flight Booking Demo!,https://www.youtube.com/watch?v=E2DEHOEbzks,1450,1009373,14855,518,0.1691
OpenAI is ruthless...,https://www.youtube.com/watch?v=nFoXCLi8FCc,236,961671,26518,1273,0.0129
"SaaS App Full Course 2025 | Launch Your SaaS in Under 7 Days with Next JS, Supabase & Payments",https://www.youtube.com/watch?v=XUkNR-JfHwo,14199,958273,8347,522,0.0414
I Asked ChatGPT to Make Me Money as FAST as Possible,https://www.youtube.com/watch?v=5XEtDw06vkw,1220,944277,20445,1193,0.0211
Did Google just kill OpenAI?,https://www.youtube.com/watch?v=bsL7ZnKIAhs,246,937619,31273,1189,0.0174
YouTube Automation Full Course | Complete GUIDE to YouTube Automation,https://www.youtube.com/watch?v=GKkU1smMGiA,19807,923701,31329,10808,0.3724
GitHub is having some major issues right now…,https://www.youtube.com/watch?v=d53Zk28esmU,359,923259,28764,1455,0.123
Zero-Click Attacks: AI Agents and the Next Cybersecurity Challenge,https://www.youtube.com/watch?v=CMHL1bPtQdI,906,903002,14815,635,0.0363
This Microsoft-backed AI startup just collapsed… why?,https://www.youtube.com/watch?v=Sd6F2pfKJmk,212,901086,29443,1473,0.0117
Claude just got another superpower...,https://www.youtube.com/watch?v=jeA-KBv0b68,312,871193,26870,1244,0.0768
"Cursor ditches VS Code, but not everyone is happy...",https://www.youtube.com/watch?v=JSuS-zXMVwE,303,858098,24345,1121,0.0602
How to make vibe coding not suck…,https://www.youtube.com/watch?v=PLKrSVuT-Dg,344,851764,29113,1191,0.0142
"I Tested 500+ AI Tools, These 10 Will Make You Rich",https://www.youtube.com/watch?v=kkYQ0y9CGTU,1156,846181,32259,2127,0.0212
7 new open source AI tools you need right now…,https://www.youtube.com/watch?v=Xn-gtHDsaPY,375,818649,36702,1187,0.0263
Claude Code Tutorial for Beginners,https://www.youtube.com/watch?v=eMZmDH3T2bY,884,799193,10492,318,0.0163
There's a new Linux distro in town for developers...,https://www.youtube.com/watch?v=DC2p3kFjcK0,278,793078,31972,1852,0.0126
The most powerful AI Agent I’ve ever used in my life,https://www.youtube.com/watch?v=D_YzcH0VsGY,715,785268,21120,604,0.0353
23 Ways to Use ChatGPT So Well it Feels Like Cheating,https://www.youtube.com/watch?v=7zPQV1BSH_k,992,783416,26981,1182,0.0206
Why AI Agents are either the best or worst thing we’ve ever built,https://www.youtube.com/watch?v=WnzR5aOElvw,1219,782689,45733,4234,0.4588
Master 85% of Google Gemini in 12 Minutes,https://www.youtube.com/watch?v=Uy6LcpyGj7w,710,755766,17270,658,0.023
How AI is breaking the SaaS business model...,https://www.youtube.com/watch?v=cxcb55zr2Q8,302,741132,26072,1313,0.02
Don't learn AI Agents without Learning these Fundamentals,https://www.youtube.com/watch?v=ZaPbP9DwBOE,3400,740705,16255,476,0.1539
"SHOCKING AI That Stunned the World This Month: AI Robot Fights, Nurse Bot, Codex Agent, Veo 3...",https://www.youtube.com/watch?v=EM9GATq3QOo,5799,737802,6322,506,0.0738
When open-sourcing your code goes wrong...,https://www.youtube.com/watch?v=wzzh7Not8XE,399,722182,22710,969,0.0207
Is RAG Still Needed? Choosing the Best Approach for LLMs,https://www.youtube.com/watch?v=UabBYexBD4k,670,719475,19572,929,0.0558
How to Build & Sell AI Automations: Ultimate Beginner’s Guide,https://www.youtube.com/watch?v=5TxSqvPbnWw,6623,713691,23117,1741,0.052
Why Github Why?,https://www.youtube.com/watch?v=E3_95BZYIVs,662,695866,33174,2176,0.0517
Only 40 lines of code,https://www.youtube.com/watch?v=R3ydGMRtnqU,479,690634,26956,928,0.07
A brief history of programming...,https://www.youtube.com/watch?v=9uW6B9LPntY,369,678824,39010,1362,0.0157
LangGraph Complete Course for Beginners – Complex AI Agents with Python,https://www.youtube.com/watch?v=jGg_1h0qzaM,11392,676172,12102,380,0.0031
Learn 80% of Claude Cowork in Under 20 Minutes,https://www.youtube.com/watch?v=z9rdrNrkvDY,1135,668301,14353,686,0.1154
LLMs are in trouble,https://www.youtube.com/watch?v=o2s8I6yBrxE,677,665726,24656,2215,0.0419
Data Structure and Algorithm Patterns for LeetCode Interviews – Tutorial,https://www.youtube.com/watch?v=Z_c4byLrNBU,4503,659021,13906,203,0.0033
5 wild data structures every developer should know,https://www.youtube.com/watch?v=6fnmXX8RK0s,270,650115,26139,759,0.0082
Claude Code got leaked,https://www.youtube.com/watch?v=GdgRpiQRsis,720,647975,24651,1696,0.0973
OpenAI was dead… Then GPT-5.2 dropped,https://www.youtube.com/watch?v=rEvEXQvo-F8,241,639055,20931,1246,0.0127
Alibaba is coming for Claude...,https://www.youtube.com/watch?v=-w53i6Ae-YM,244,637471,21705,1930,0.009
95% of People STILL Prompt ChatGPT-5 Wrong,https://www.youtube.com/watch?v=iRTK-jsfleg,711,631982,18118,815,0.0245
Why I Switched From ChatGPT to Claude (without losing anything),https://www.youtube.com/watch?v=XRU-CjzYt_o,967,621124,19101,1470,0.0397
How to Build & Sell Web Apps With AI Without Coding (FULL COURSE),https://www.youtube.com/watch?v=SeybVD0NMQI,6863,607042,21500,976,0.0468
These 6 ChatGPT Hacks Will Make You So Much Money It Feels Illegal,https://www.youtube.com/watch?v=bkM-lYgAxh0,921,605090,21516,506,0.0222
I Read Honey's Source Code,https://www.youtube.com/watch?v=_acTMUmdY9M,927,591546,20612,1006,0.0506
When bad C code puts you behind bars...,https://www.youtube.com/watch?v=cNywlNWan9o,298,588155,24257,902,0.0077
How to Build a $10M Solo AI Business (Zero Code),https://www.youtube.com/watch?v=w-XPlC3a2oI,865,579378,21473,509,0.0292
OpenAI’s new slop machine is open for business…,https://www.youtube.com/watch?v=hkSj-QapfZo,223,574612,22029,1473,0.0093
Github are you joking?,https://www.youtube.com/watch?v=b13m-iuu4XU,630,568942,18343,2078,0.2465
Generative AI vs AI agents vs Agentic AI,https://www.youtube.com/watch?v=O2gerCxEXvc,610,560029,11001,214,0.0211
The Only AI Tools You Need (12-Minute Guide),https://www.youtube.com/watch?v=htZRCE2GgIs,716,553563,14724,733,0.0313
THIS IS THE REAL VIBE CODING,https://www.youtube.com/watch?v=tKHEEC-CBYY,557,549185,21009,1069,0.0275
Build & Sell with Claude Code (10+ Hour Course),https://www.youtube.com/watch?v=mpALXah_PBg,36006,546889,20388,1106,0.103
I Have Spent 500+ Hours Programming With AI. This Is what I learned,https://www.youtube.com/watch?v=91B_v-wOaws,818,545778,29435,1086,0.0883
Master 80% of n8n in 36 Minutes,https://www.youtube.com/watch?v=e3OV3LnrS7o,2183,541680,12483,502,0.0492
RAG Explained For Beginners,https://www.youtube.com/watch?v=_HQ2H_0Ayy0,609,535414,9169,107,0.0957
"I Tested 500+ AI Tools, These 12 Will Blow Up Your Business",https://www.youtube.com/watch?v=LSKZrtFl47c,1290,524154,18368,1667,0.0143
Open source Nano-banana is here!,https://www.youtube.com/watch?v=YDJ9TEgcWPU,1682,512482,20057,1442,0.0509
Microsoft is ruining Github,https://www.youtube.com/watch?v=HfJwezWWu08,656,505901,18241,1509,0.0391
"AI SHOCKS The World This Month: Unitree Anti-Gravity Robot, ChatGPT Upgrade, Chrome AI...",https://www.youtube.com/watch?v=FRt2erUbSA8,4823,503258,6691,466,0.063
AI agents are paying each other now…,https://www.youtube.com/watch?v=S6wc6yvoZLY,291,481748,19462,897,0.0091
Andrej Karpathy Just 10x’d Everyone’s Claude Code,https://www.youtube.com/watch?v=sboNwYmH3AY,1067,469807,11857,524,0.1911
AI Coding Sucks | Prime Reacts,https://www.youtube.com/watch?v=rgiuaJbyUyU,2568,469725,11398,1968,0.0301
Gemini 3 just crushed everything,https://www.youtube.com/watch?v=UH2_Sgeu4lc,1796,468508,15463,1830,0.0537
The Copilot Problem,https://www.youtube.com/watch?v=KPtIx5ZFSOY,492,451678,14281,1656,0.0635
What I'd Learn Instead of Automation in 2026,https://www.youtube.com/watch?v=YIl-awY250k,879,445001,14399,1426,0.0692
Gemini 2.5 just leveled up. And it’s a BEAST,https://www.youtube.com/watch?v=K0h_PS_1XiE,1674,444540,9950,614,0.0347
The line of code that took down the Internet,https://www.youtube.com/watch?v=sJBaMJfxzYk,410,426404,19313,1232,0.0296
OpenAI Just SHOCKED The WORLD With ChatGPT AGENT,https://www.youtube.com/watch?v=Cr-dBnRACZk,772,424326,5259,369,0.0458
16 Cool GitHub Repos You WILL Use (no pressure),https://www.youtube.com/watch?v=cgOPg5cCr2g,535,420531,32995,492,0.039
"How I Sold These 4 AI Agents for $23,000 (as a beginner)",https://www.youtube.com/watch?v=HNKlFTd1maM,858,414923,12952,370,0.0368
I Ranked the Best AI Tools to Make Money in 2026,https://www.youtube.com/watch?v=xXxrvra9DQg,1155,410214,13423,734,0.0142
5 AI Startup Ideas So Good You’ll Quit Your Job in 24hrs,https://www.youtube.com/watch?v=onCWUrw1R9g,1747,401291,16937,2788,0.0342
"I Tried 500+ AI Tools, These 20 Will Make You $1M (With Zero Code)",https://www.youtube.com/watch?v=FEex8E1yDj4,1114,401040,15780,557,0.0165
7 Insane Use Cases For Manus AI (with Zero Code),https://www.youtube.com/watch?v=-5DylM1EdI4,1315,399656,14572,891,0.0233
OpenAI Is A Ponzi Scheme,https://www.youtube.com/watch?v=ZTomnmINNyQ,1001,398215,9500,1278,0.0267
The CORRECT way to use ChatGPT (in 2026),https://www.youtube.com/watch?v=p3840QxlYzc,587,397183,9528,544,0.0131
Full Claude Tutorial: Beginner to Advanced in 19 Minutes,https://www.youtube.com/watch?v=WSPChlfxJyA,1153,393576,7706,153,0.169
How to Use Microsoft Copilot Studio (Step-by-Step Tutorial),https://www.youtube.com/watch?v=dX9MJM5EokE,1217,392312,5339,160,0.0053
The AI Agent Tutorial That Should've Been Your First (no code),https://www.youtube.com/watch?v=GchXMRwuWxE,1018,389205,9754,545,0.0138
"AI Trends 2026: Quantum, Agentic AI & Smarter Automation",https://www.youtube.com/watch?v=zt0JA5rxdfM,699,388374,9443,1084,0.0198
"How to Use Gamma AI (Full Tutorial for Presentations, Websites & More)",https://www.youtube.com/watch?v=KcbXKUR7-a0,924,385020,5055,116,0.0048
Laziest Way to Make Money With AI (Zero Code),https://www.youtube.com/watch?v=biAYfwX4bkY,900,383068,14928,523,0.0206
Open Source might change forever,https://www.youtube.com/watch?v=2bYPsQvdfe0,682,377871,10208,756,0.0419
Building Beautiful Websites with Claude Code Is Too Easy,https://www.youtube.com/watch?v=86HM0RUWhCk,1671,376816,10744,394,0.0604
Git & GitHub Crash Course for Beginners [2026],https://www.youtube.com/watch?v=mAFoROnOfHs,4880,364838,11427,352,0.0025
I got a private lesson on Claude Cowork & Claude Code,https://www.youtube.com/watch?v=DW4a1Cm8nG4,2528,361146,6174,241,0.0569
I Turned Claude Opus 4.7 Into a 24/7 Trader,https://www.youtube.com/watch?v=6MC1XqZSltw,1996,358944,8867,634,0.1673
Master Data Analysis with ChatGPT (in just 12 minutes),https://www.youtube.com/watch?v=FKLr3ft8ea0,714,356883,10524,522,0.0121
Master Gemini 3.1 for Work in 12 Minutes (2026),https://www.youtube.com/watch?v=bTLmt9BKGVc,778,351570,8082,389,0.0172
Claude Code Clearly Explained (and how to use it),https://www.youtube.com/watch?v=zxMjOqM7DFs,1888,349836,8247,373,0.0541
100X SMARTER Than ChatGPT: This FREE AI Just SHOCKED The AI World,https://www.youtube.com/watch?v=0OnyVmj6yxY,558,348022,9016,632,0.0387
Making $$$ with MicroSaaS (I might delete this),https://www.youtube.com/watch?v=ndqX4vbR7Rc,2385,346610,11814,518,0.033
Excel Just Got Smarter — Meet the NEW =COPILOT() Function,https://www.youtube.com/watch?v=hprz9xj5Vag,903,342154,6426,175,0.005
"Cursor AI: полный гайд по вайб-кодингу (настройки, фишки, rules, MCP)",https://www.youtube.com/watch?v=eXp8TC0Sm6o,1626,339974,8601,689,0.7237
Claude Code Essentials,https://www.youtube.com/watch?v=brLhhkUqcn4,44410,337352,11936,346,0.0043
How I Use Obsidian + Claude Code to Run My Life,https://www.youtube.com/watch?v=6MBq1paspVU,3537,333321,7072,471,0.0629
Spare me 12mins and I’ll Make You INSANELY Courageous,https://www.youtube.com/watch?v=G9zctL4xyTs,721,332360,11995,886,0.0071
Building AI Agents that actually work (Full Course),https://www.youtube.com/watch?v=eA9Zf2-qYYM,3536,331854,8402,304,0.0751
I Built a 24/7 Viral Shorts Machine with No-Code (free n8n template),https://www.youtube.com/watch?v=BcfjIBd49C8,1883,329265,8890,254,0.0245
Master 95% of Claude Code in 36 Mins (as a beginner),https://www.youtube.com/watch?v=saggDHHnmtQ,2218,328474,7553,249,0.0448
n8n Tutorial – Zero to Hero Course,https://www.youtube.com/watch?v=UIf-SlmMays,12908,325831,7380,151,0.0023
Build 3 Complete Full-Stack Web Apps and Launch Your Developer Career,https://www.youtube.com/watch?v=8vIDZO_w7lY,41543,324458,10786,469,0.0143
Paperclip: Hire AI Agents Like Employees (Live Demo),https://www.youtube.com/watch?v=C3-4llQYT8o,2802,316426,7125,444,0.0791
OpenAI's New Era,https://www.youtube.com/watch?v=jUiZg4LQgiY,774,316102,10784,1344,0.0305
7 Game-Changing ChatGPT Agents That 99% of People Don't Know About,https://www.youtube.com/watch?v=USRfRv34HmQ,853,315910,4893,689,0.0789
